country,region,year,gdp
Argentina,South America,1960,15865474315
Australia,Oceania,1960,18635682982
Belgium,Europe,1960,11810619368
Brazil,South America,1960,17030465539
Canada,North America,1960,40563768947
China,Asia,1960,59846235025
Egypt,Africa,1960,4206270352
France,Europe,1960,61959085885
Germany,Europe,1960,84619845881
India,Asia,1960,37029883876
Iran,Middle East,1960,4199134390
Italy,Europe,1960,42012422612
Japan,Asia,1960,47419238274
Mexico,North America,1960,13040000000
Netherlands,Europe,1960,13282979015
Nigeria,Africa,1960,4196174502
Pakistan,Asia,1960,3749265015
Saudi Arabia,Middle East,1960,1748124064
South Africa,Africa,1960,8748596501
South Korea,Asia,1960,3973069307
Spain,Europe,1960,12424514014
Sweden,Europe,1960,15930075467
Switzerland,Europe,1960,10412232621
Thailand,Asia,1960,2760750861
Türkiye,Middle East,1960,7566666667
United Kingdom,Europe,1960,73233967692
United States,North America,1960,541988586207
Argentina,South America,1961,20132220375
Australia,Oceania,1961,19713123154
Belgium,Europe,1961,12561701694
Brazil,South America,1961,17275940449
Canada,North America,1961,41038192838
China,Asia,1961,50162299350
Egypt,Africa,1961,4494575611
France,Europe,1961,67158050215
Germany,Europe,1961,96558204043
India,Asia,1961,39232435784
Iran,Middle East,1961,4426949095
Italy,Europe,1961,46649487320
Japan,Asia,1961,57266758180
Mexico,North America,1961,14160000000
Netherlands,Europe,1961,14599836396
Nigeria,Africa,1961,4467287893
Pakistan,Asia,1961,4118647627
Saudi Arabia,Middle East,1961,1920811284
South Africa,Africa,1961,9225996310
South Korea,Asia,1961,2427244761
Spain,Europe,1961,14238126760
Sweden,Europe,1961,17329620585
Switzerland,Europe,1961,11713348834
Thailand,Asia,1961,3034037811
Türkiye,Middle East,1961,7988888889
United Kingdom,Europe,1961,77741965703
United States,North America,1961,561940310345
Argentina,South America,1962,18337691145
Australia,Oceania,1962,19953923193
Belgium,Europe,1962,13436827167
Brazil,South America,1962,19231747852
Canada,North America,1962,42336211556
China,Asia,1962,47310737754
Egypt,Africa,1962,4035462027
France,Europe,1962,75196980365
Germany,Europe,1962,105895435234
India,Asia,1962,42161481858
Iran,Middle East,1962,4693566416
Italy,Europe,1962,52413872628
Japan,Asia,1962,64987857542
Mexico,North America,1962,15200000000
Netherlands,Europe,1962,15847582341
Nigeria,Africa,1962,4909399176
Pakistan,Asia,1962,4310163797
Saudi Arabia,Middle East,1962,2130606532
South Africa,Africa,1962,9813996074
South Korea,Asia,1962,2826923077
Spain,Europe,1962,16609632791
Sweden,Europe,1962,18794066990
Switzerland,Europe,1962,12989649694
Thailand,Asia,1962,3308912797
Türkiye,Middle East,1962,8922222222
United Kingdom,Europe,1962,81247564157
United States,North America,1962,603639413793
Argentina,South America,1963,18272123664
Australia,Oceania,1963,21573443452
Belgium,Europe,1963,14445805381
Brazil,South America,1963,23287712878
Canada,North America,1963,45140337827
China,Asia,1963,50812227919
Egypt,Africa,1963,4187146232
France,Europe,1963,84227606650
Germany,Europe,1963,112232503744
India,Asia,1963,48421923459
Iran,Middle East,1963,4928628018
Italy,Europe,1963,60035924618
Japan,Asia,1963,74379284603
Mexico,North America,1963,16960000000
Netherlands,Europe,1963,17193744109
Nigeria,Africa,1963,5165590254
Pakistan,Asia,1963,4630827383
Saudi Arabia,Middle East,1963,2207393172
South Africa,Africa,1963,10854195658
South Korea,Asia,1963,4007692308
Spain,Europe,1963,19631714760
Sweden,Europe,1963,20342131882
Switzerland,Europe,1963,14283872299
Thailand,Asia,1963,3540403457
Türkiye,Middle East,1963,10355555556
United Kingdom,Europe,1963,86561961812
United States,North America,1963,637058551724
Argentina,South America,1964,25605249382
Australia,Oceania,1964,23835843814
Belgium,Europe,1964,16168044450
Brazil,South America,1964,20963733695
Canada,North America,1964,49503663836
China,Asia,1964,59821862703
Egypt,Africa,1964,4709245762
France,Europe,1964,93424179943
Germany,Europe,1964,123330404665
India,Asia,1964,56480289941
Iran,Middle East,1964,5379845648
Italy,Europe,1964,65720771779
Japan,Asia,1964,87490590818
Mexico,North America,1964,20080000000
Netherlands,Europe,1964,20232048553
Nigeria,Africa,1964,5552931319
Pakistan,Asia,1964,5204955901
Saudi Arabia,Middle East,1964,2371808713
South Africa,Africa,1964,11955995218
South Korea,Asia,1964,3476789682
Spain,Europe,1964,21966876027
Sweden,Europe,1964,22685490195
Switzerland,Europe,1964,15833133858
Thailand,Asia,1964,3889129942
Türkiye,Middle East,1964,11177777778
United Kingdom,Europe,1964,94407558351
United States,North America,1964,684144620690
Argentina,South America,1965,28344705967
Australia,Oceania,1965,26014244162
Belgium,Europe,1965,17597783297
Brazil,South America,1965,22465522884
Canada,North America,1965,54649410479
China,Asia,1965,70565994356
Egypt,Africa,1965,4948667540
France,Europe,1965,100927668584
Germany,Europe,1965,134774688191
India,Asia,1965,59556105229
Iran,Middle East,1965,6197319929
Italy,Europe,1965,70717012186
Japan,Asia,1965,97338107606
Mexico,North America,1965,21840000000
Netherlands,Europe,1965,22721869808
Nigeria,Africa,1965,5874537650
Pakistan,Asia,1965,5929231415
Saudi Arabia,Middle East,1965,2647955558
South Africa,Africa,1965,13068994772
South Korea,Asia,1965,3141131708
Spain,Europe,1965,25479619607
Sweden,Europe,1965,24963947415
Switzerland,Europe,1965,16780226225
Thailand,Asia,1965,4388937649
Türkiye,Middle East,1965,11966666667
United Kingdom,Europe,1965,101824755079
United States,North America,1965,741904862069
Argentina,South America,1966,28630474728
Australia,Oceania,1966,27349284376
Belgium,Europe,1966,18894891312
Brazil,South America,1966,28283323733
Canada,North America,1966,61252415405
China,Asia,1966,76854053259
Egypt,Africa,1966,5278005612
France,Europe,1966,109306730313
Germany,Europe,1966,143304275684
India,Asia,1966,45581230504
Iran,Middle East,1966,6789938672
Italy,Europe,1966,76622444787
Japan,Asia,1966,113046784179
Mexico,North America,1966,24320000000
Netherlands,Europe,1966,24741480717
Nigeria,Africa,1966,6366917453
Pakistan,Asia,1966,6561108778
Saudi Arabia,Middle East,1966,2920555557
South Africa,Africa,1966,14211394315
South Korea,Asia,1966,3957064541
Spain,Europe,1966,29559436183
Sweden,Europe,1966,27154716721
Switzerland,Europe,1966,18019402374
Thailand,Asia,1966,5279230817
Türkiye,Middle East,1966,14100000000
United Kingdom,Europe,1966,108572752102
United States,North America,1966,813032758621
Argentina,South America,1967,24256667553
Australia,Oceania,1967,30487524878
Belgium,Europe,1967,20252508995
Brazil,South America,1967,31086389195
Canada,North America,1967,65856924424
China,Asia,1967,73011350596
Egypt,Africa,1967,5605484299
France,Europe,1967,118088635381
Germany,Europe,1967,145100667773
India,Asia,1967,50134942204
Indonesia,Asia,1967,5667756628
Iran,Middle East,1967,7555383690
Italy,Europe,1967,84401995573
Japan,Asia,1967,132475614227
Mexico,North America,1967,26560000000
Netherlands,Europe,1967,27143828099
Nigeria,Africa,1967,5203237919
Pakistan,Asia,1967,7464510710
Saudi Arabia,Middle East,1967,3257022223
South Africa,Africa,1967,15821393671
South Korea,Asia,1967,4895076718
Spain,Europe,1967,32570905397
Sweden,Europe,1967,29474881506
Switzerland,Europe,1967,19397044714
Thailand,Asia,1967,5638461442
Türkiye,Middle East,1967,15644444444
United Kingdom,Europe,1967,113116888211
United States,North America,1967,859620034483
Argentina,South America,1968,26436857247
Australia,Oceania,1968,32763365242
Belgium,Europe,1968,21654856965
Brazil,South America,1968,33930457425
Canada,North America,1968,72048833006
China,Asia,1968,70980323819
Egypt,Africa,1968,5932242991
France,Europe,1968,128710572572
Germany,Europe,1968,156527292653
India,Asia,1968,53085455871
Indonesia,Asia,1968,7076465300
Iran,Middle East,1968,8623172960
Italy,Europe,1968,91485448148
Japan,Asia,1968,156897496759
Mexico,North America,1968,29360000000
Netherlands,Europe,1968,30097635751
Nigeria,Africa,1968,5200997920
Pakistan,Asia,1968,8041999160
Saudi Arabia,Middle East,1968,4187777711
South Africa,Africa,1968,17124793150
South Korea,Asia,1968,6167109472
Spain,Europe,1968,32394326464
Sweden,Europe,1968,31277871669
Switzerland,Europe,1968,20712102794
Thailand,Asia,1968,6081009428
Türkiye,Middle East,1968,17500000000
United Kingdom,Europe,1968,107759910068
United States,North America,1968,940225000000
Argentina,South America,1969,31256284544
Australia,Oceania,1969,36738245878
Belgium,Europe,1969,24019653475
Brazil,South America,1969,37171640819
Canada,North America,1969,79405011125
China,Asia,1969,79847786729
Egypt,Africa,1969,6524455206
France,Europe,1969,140660914841
Germany,Europe,1969,177733486326
India,Asia,1969,58447995017
Indonesia,Asia,1969,8337423313
Iran,Middle East,1969,9743089607
Italy,Europe,1969,100996667239
Japan,Asia,1969,184298841305
Mexico,North America,1969,32480000000
Netherlands,Europe,1969,34086038090
Nigeria,Africa,1969,6634317346
Pakistan,Asia,1969,8683116338
Saudi Arabia,Middle East,1969,4485777644
South Africa,Africa,1969,19256992297
South Korea,Asia,1969,7743940189
Spain,Europe,1969,37090689288
Sweden,Europe,1969,33967301561
Switzerland,Europe,1969,22442043274
Thailand,Asia,1969,6695336567
Türkiye,Middle East,1969,19466666667
United Kingdom,Europe,1969,116464702803
United States,North America,1969,1017438172414
Argentina,South America,1970,31584210366
Australia,Oceania,1970,41395206623
Belgium,Europe,1970,26706196047
Brazil,South America,1970,42327664794
Canada,North America,1970,88192257632
China,Asia,1970,92752930873
Egypt,Africa,1970,8042200452
France,Europe,1970,147312861698
Germany,Europe,1970,216629229947
India,Asia,1970,62422483055
Indonesia,Asia,1970,9150684932
Iran,Middle East,1970,10976245154
Italy,Europe,1970,113656669765
Japan,Asia,1970,217223652719
Mexico,North America,1970,35520000000
Netherlands,Europe,1970,38220884519
Nigeria,Africa,1970,12546094982
Pakistan,Asia,1970,10027509450
Saudi Arabia,Middle East,1970,5377333333
South Africa,Africa,1970,21218391513
South Korea,Asia,1970,9085001794
Spain,Europe,1970,40963715237
Sweden,Europe,1970,38037226668
Switzerland,Europe,1970,24998066773
Thailand,Asia,1970,7086538438
Türkiye,Middle East,1970,17863636364
United Kingdom,Europe,1970,130671946244
United States,North America,1970,1073303000000
Argentina,South America,1971,33293199095
Australia,Oceania,1971,45283847245
Belgium,Europe,1971,29821661870
Brazil,South America,1971,48869830902
Canada,North America,1971,99606454744
China,Asia,1971,99959013880
Egypt,Africa,1971,8609283346
France,Europe,1971,164694210962
Germany,Europe,1971,250900942397
India,Asia,1971,67351404352
Indonesia,Asia,1971,9333536370
Iran,Middle East,1971,13731802833
Italy,Europe,1971,124959712859
Japan,Asia,1971,245364056622
Mexico,North America,1971,39200000000
Netherlands,Europe,1971,44644730576
Nigeria,Africa,1971,9181769912
Pakistan,Asia,1971,10665896682
Saudi Arabia,Middle East,1971,7184806909
South Africa,Africa,1971,23411076638
South Korea,Asia,1971,10005257131
Spain,Europe,1971,46586119760
Sweden,Europe,1971,41506151115
Switzerland,Europe,1971,30040171751
Thailand,Asia,1971,7375000024
Türkiye,Middle East,1971,16166666667
United Kingdom,Europe,1971,148113896325
United States,North America,1971,1164850000000
Argentina,South America,1972,34733000536
Australia,Oceania,1972,52117990654
Belgium,Europe,1972,37209418019
Brazil,South America,1972,58434858375
Canada,North America,1972,113463848874
China,Asia,1972,113871930714
Egypt,Africa,1972,9299638056
France,Europe,1972,201738881664
Germany,Europe,1972,300899944795
India,Asia,1972,71464700667
Indonesia,Asia,1972,10997590361
Iran,Middle East,1972,17153463263
Italy,Europe,1972,145594833997
Japan,Asia,1972,324933841269
Mexico,North America,1972,45200000000
Netherlands,Europe,1972,54787070173
Nigeria,Africa,1972,12274416018
Pakistan,Asia,1972,9415016360
Saudi Arabia,Middle East,1972,9664267087
South Africa,Africa,1972,24515919217
South Korea,Asia,1972,10990490570
Spain,Europe,1972,59090176029
Sweden,Europe,1972,48883173400
Switzerland,Europe,1972,36844318854
Thailand,Asia,1972,8177873151
Türkiye,Middle East,1972,20650000000
United Kingdom,Europe,1972,169965034965
United States,North America,1972,1279110000000
Argentina,South America,1973,52544000117
Australia,Oceania,1973,63923126201
Belgium,Europe,1973,47743801490
Brazil,South America,1973,83592275863
Canada,North America,1973,131764343566
China,Asia,1973,138764340892
Egypt,Africa,1973,10098534613
France,Europe,1973,261970536240
Germany,Europe,1973,399833571167
India,Asia,1973,85517673173
Indonesia,Asia,1973,16273253012
Iran,Middle East,1973,27081698250
Italy,Europe,1973,175896529392
Japan,Asia,1973,441460582536
Mexico,North America,1973,55280000000
Netherlands,Europe,1973,71946639603
Nigeria,Africa,1973,15162871287
Pakistan,Asia,1973,6383429490
Saudi Arabia,Middle East,1973,14947435499
South Africa,Africa,1973,33262772008
South Korea,Asia,1973,14067523813
Spain,Europe,1973,78583355226
Sweden,Europe,1973,59318842992
Switzerland,Europe,1973,49550006320
Thailand,Asia,1973,10838587358
Türkiye,Middle East,1973,26000000000
United Kingdom,Europe,1973,192537971583
United States,North America,1973,1425376000000
Argentina,South America,1974,72436777342
Australia,Oceania,1974,89086219602
Belgium,Europe,1974,56033077879
Brazil,South America,1974,109794519728
Canada,North America,1974,160949188139
China,Asia,1974,144418433058
Egypt,Africa,1974,9228963225
France,Europe,1974,282739225314
Germany,Europe,1974,446934971657
India,Asia,1974,99526597934
Indonesia,Asia,1974,25802409639
Iran,Middle East,1974,46209092072
Italy,Europe,1974,200024444775
Japan,Asia,1974,490035789970
Mexico,North America,1974,72000000000
Netherlands,Europe,1974,87371810804
Nigeria,Africa,1974,24846641318
Pakistan,Asia,1974,8899191919
Saudi Arabia,Middle East,1974,45412957746
South Africa,Africa,1974,41389186095
South Korea,Asia,1974,19860929977
Spain,Europe,1974,97204522642
Sweden,Europe,1974,65917634590
Switzerland,Europe,1974,57103011446
Thailand,Asia,1974,13702998512
Türkiye,Middle East,1974,35414285714
United Kingdom,Europe,1974,206131369799
United States,North America,1974,1545243000000
Argentina,South America,1975,52438647922
Australia,Oceania,1975,97440939506
Belgium,Europe,1975,65678189097
Brazil,South America,1975,129203555239
Canada,North America,1975,174419757177
China,Asia,1975,163687619736
Egypt,Africa,1975,11632178869
France,Europe,1975,357324307786
Germany,Europe,1975,492434094920
India,Asia,1975,98473832017
Indonesia,Asia,1975,30463855422
Iran,Middle East,1975,51776222350
Italy,Europe,1975,228220643535
Japan,Asia,1975,532861438885
Mexico,North America,1975,88000000000
Netherlands,Europe,1975,100397061694
Nigeria,Africa,1975,27778934625
Pakistan,Asia,1975,11230606061
Saudi Arabia,Middle East,1975,46773208643
South Africa,Africa,1975,42906905672
South Korea,Asia,1975,22126033058
Spain,Europe,1975,114695060870
Sweden,Europe,1975,82765232648
Switzerland,Europe,1975,65466081819
Thailand,Asia,1975,14882770594
Türkiye,Middle East,1975,46042857143
United Kingdom,Europe,1975,241756637168
United States,North America,1975,1684904000000
Argentina,South America,1976,51169499892
Australia,Oceania,1976,105209354856
Belgium,Europe,1976,71113882968
Brazil,South America,1976,153168949208
Canada,North America,1976,207271612576
China,Asia,1976,154196810059
Egypt,Africa,1976,13315988083
France,Europe,1976,368363152144
Germany,Europe,1976,521658712133
India,Asia,1976,102716451980
Indonesia,Asia,1976,37269156627
Iran,Middle East,1976,68055295081
Italy,Europe,1976,225235205862
Japan,Asia,1976,598883902156
Mexico,North America,1976,88875923765
Netherlands,Europe,1976,109329386564
Nigeria,Africa,1976,36308883249
Pakistan,Asia,1976,13168080808
Saudi Arabia,Middle East,1976,64005665722
South Africa,Africa,1976,41150460288
South Korea,Asia,1976,30371074380
Spain,Europe,1976,118422534195
Sweden,Europe,1976,89232517046
Switzerland,Europe,1976,68476524644
Thailand,Asia,1976,16985208648
Türkiye,Middle East,1976,51450000000
United Kingdom,Europe,1976,232614555256
United States,North America,1976,1873412000000
Argentina,South America,1977,56781000101
Australia,Oceania,1977,110504702914
Belgium,Europe,1977,82839905459
Brazil,South America,1977,176344101402
Canada,North America,1977,212325176305
China,Asia,1977,175226595860
Egypt,Africa,1977,14400806876
France,Europe,1977,406401711688
Germany,Europe,1977,602698323086
India,Asia,1977,121486641441
Indonesia,Asia,1977,45808915663
Iran,Middle East,1977,80600122702
Italy,Europe,1977,258190019750
Japan,Asia,1977,737069290928
Mexico,North America,1977,81912018784
Netherlands,Europe,1977,127203923857
Nigeria,Africa,1977,36035407725
Pakistan,Asia,1977,15126060606
Saudi Arabia,Middle East,1977,74188986586
South Africa,Africa,1977,45328411332
South Korea,Asia,1977,39064462810
Spain,Europe,1977,132354665936
Sweden,Europe,1977,94331782622
Switzerland,Europe,1977,73135771167
Thailand,Asia,1977,19779312261
Türkiye,Middle East,1977,58683333333
United Kingdom,Europe,1977,263066457352
United States,North America,1977,2081826000000
Argentina,South America,1978,89049453088
Australia,Oceania,1978,118660813780
Belgium,Europe,1978,101246526194
Brazil,South America,1978,200278646124
Canada,North America,1978,219369542386
China,Asia,1978,149788617886
Egypt,Africa,1978,14811704063
France,Europe,1978,501724418605
Germany,Europe,1978,743182891918
India,Asia,1978,137302319829
Indonesia,Asia,1978,51455719076
Iran,Middle East,1978,77994316621
Italy,Europe,1978,315784469541
Japan,Asia,1978,1035611588217
Mexico,North America,1978,102648570299
Netherlands,Europe,1978,156089077205
Nigeria,Africa,1978,36527862209
Pakistan,Asia,1978,17811515152
Saudi Arabia,Middle East,1978,80266516687
South Africa,Africa,1978,51607412902
South Korea,Asia,1978,52824793388
Spain,Europe,1978,160484969618
Sweden,Europe,1978,104290933496
Switzerland,Europe,1978,102280472036
Thailand,Asia,1978,24006566637
Türkiye,Middle East,1978,65912500000
United Kingdom,Europe,1978,335883029722
United States,North America,1978,2351599000000
Argentina,South America,1979,69252328952
Australia,Oceania,1979,135093718051
Belgium,Europe,1979,116315456797
Brazil,South America,1979,221338204480
Canada,North America,1979,243891124296
China,Asia,1979,178573913043
Egypt,Africa,1979,18020571429
France,Europe,1979,608218624730
Germany,Europe,1979,884574218333
India,Asia,1979,152995442498
Indonesia,Asia,1979,51400186343
Iran,Middle East,1979,90391877326
Italy,Europe,1979,394584507108
Japan,Asia,1979,1077910077676
Mexico,North America,1979,134531900899
Netherlands,Europe,1979,179933827310
Nigeria,Africa,1979,47259911894
Pakistan,Asia,1979,19688383838
Saudi Arabia,Middle East,1979,111858444786
South Africa,Africa,1979,63038658089
South Korea,Asia,1979,68083884298
Spain,Europe,1979,214448666336
Sweden,Europe,1979,123207527699
Switzerland,Europe,1979,114970094425
Thailand,Asia,1979,27371650825
Türkiye,Middle East,1979,89616129032
United Kingdom,Europe,1979,438994070309
United States,North America,1979,2627333000000
Argentina,South America,1980,76961923741
Australia,Oceania,1980,150200557103
Belgium,Europe,1980,126829314388
Brazil,South America,1980,237393489893
Canada,North America,1980,274776566028
China,Asia,1980,191487500000
Egypt,Africa,1980,21669908176
France,Europe,1980,694529183483
Germany,Europe,1980,953772499462
India,Asia,1980,186328579302
Indonesia,Asia,1980,72482337397
Iran,Middle East,1980,94362275580
Italy,Europe,1980,478356755596
Japan,Asia,1980,1129377244854
Mexico,North America,1980,205577055466
Netherlands,Europe,1980,195439301707
Nigeria,Africa,1980,64201788123
Pakistan,Asia,1980,23654444444
Saudi Arabia,Middle East,1980,164539660725
South Africa,Africa,1980,89411864402
South Korea,Asia,1980,66547970351
Spain,Europe,1980,232600556974
Sweden,Europe,1980,141886067004
Switzerland,Europe,1980,122557843886
Thailand,Asia,1980,32353514989
Türkiye,Middle East,1980,68823684211
United Kingdom,Europe,1980,564947710899
United States,North America,1980,2857307000000
Argentina,South America,1981,78676842367
Australia,Oceania,1981,177151979566
Belgium,Europe,1981,104730018470
Brazil,South America,1981,258015174749
Canada,North America,1981,307246642756
China,Asia,1981,196218253968
Egypt,Africa,1981,22136081081
France,Europe,1981,609184791792
Germany,Europe,1981,803404797058
India,Asia,1981,193491368446
Indonesia,Asia,1981,85518233419
Iran,Middle East,1981,100499312750
Italy,Europe,1981,431695533981
Japan,Asia,1981,1245221410764
Mexico,North America,1981,263797827860
Netherlands,Europe,1981,164375775854
Nigeria,Africa,1981,164475209516
Pakistan,Asia,1981,28100606061
Saudi Arabia,Middle East,1981,184291360139
South Africa,Africa,1981,93141472164
South Korea,Asia,1981,74287368087
Spain,Europe,1981,202663023968
Sweden,Europe,1981,129498921476
Switzerland,Europe,1981,112244805519
Thailand,Asia,1981,34846039194
Türkiye,Middle East,1981,71180180180
United Kingdom,Europe,1981,540765675241
United States,North America,1981,3207041000000
Argentina,South America,1982,84307486837
Australia,Oceania,1982,194323071831
Belgium,Europe,1982,92095926188
Brazil,South America,1982,271314113768
Canada,North America,1982,314647807409
China,Asia,1982,205480916031
Egypt,Africa,1982,27655172414
France,Europe,1982,578152310610
Germany,Europe,1982,779421633755
India,Asia,1982,200715624831
Indonesia,Asia,1982,90158449295
Iran,Middle East,1982,125948756439
Italy,Europe,1982,428257421618
Japan,Asia,1982,1158731426906
Mexico,North America,1982,184602611610
Netherlands,Europe,1982,158712765536
Nigeria,Africa,1982,142769363314
Pakistan,Asia,1982,30725971564
Saudi Arabia,Middle East,1982,153240313858
South Africa,Africa,1982,85904057409
South Korea,Asia,1982,79921300447
Spain,Europe,1982,195856752991
Sweden,Europe,1982,114214731799
Switzerland,Europe,1982,115043365512
Thailand,Asia,1982,36589772404
Türkiye,Middle East,1982,64369325153
United Kingdom,Europe,1982,515048916841
United States,North America,1982,3343789000000
Argentina,South America,1983,103979106778
Australia,Oceania,1983,177523719680
Belgium,Europe,1983,87184239053
Brazil,South America,1983,189656506321
Canada,North America,1983,341866277183
China,Asia,1983,231130268199
Egypt,Africa,1983,30966239814
France,Europe,1983,553356312936
Germany,Europe,1983,773507930295
India,Asia,1983,218262146413
Indonesia,Asia,1983,81052283384
Iran,Middle East,1983,156365156618
Italy,Europe,1983,444063496940
Japan,Asia,1983,1270859919743
Mexico,North America,1983,156167000433
Netherlands,Europe,1983,153671294109
Nigeria,Africa,1983,97094911792
Pakistan,Asia,1983,28691889764
Saudi Arabia,Middle East,1983,129171635311
South Africa,Africa,1983,96204110942
South Korea,Asia,1983,89621208322
Spain,Europe,1983,170829074246
Sweden,Europe,1983,104862109663
Switzerland,Europe,1983,114634358535
Thailand,Asia,1983,40042798388
Türkiye,Middle East,1983,61803555556
United Kingdom,Europe,1983,489618008186
United States,North America,1983,3634038000000
Argentina,South America,1984,116915052107
Australia,Oceania,1984,193749932078
Belgium,Europe,1984,83349530159
Brazil,South America,1984,188339974087
Canada,North America,1984,356718400124
China,Asia,1984,260442857143
Egypt,Africa,1984,33971188992
France,Europe,1984,525033325828
Germany,Europe,1984,727767760979
India,Asia,1984,212157645178
Indonesia,Asia,1984,84853700028
Iran,Middle East,1984,162276728620
Italy,Europe,1984,438896930791
Japan,Asia,1984,1345824500837
Mexico,North America,1984,184230754105
Netherlands,Europe,1984,144124462912
Nigeria,Africa,1984,73484359521
Pakistan,Asia,1984,31151825467
Saudi Arabia,Middle East,1984,119624858116
South Africa,Africa,1984,84870163366
South Korea,Asia,1984,99749645089
Spain,Europe,1984,171979977230
Sweden,Europe,1984,109043045407
Switzerland,Europe,1984,109455312168
Thailand,Asia,1984,41797647776
Türkiye,Middle East,1984,59937602180
United Kingdom,Europe,1984,461487097632
United States,North America,1984,4037613000000
Argentina,South America,1985,88150891728
Australia,Oceania,1985,180861108959
Belgium,Europe,1985,86268264148
Brazil,South America,1985,210879844639
Canada,North America,1985,366186012450
China,Asia,1985,310064625850
Egypt,Africa,1985,39053502251
France,Europe,1985,547220981165
Germany,Europe,1985,735218723093
India,Asia,1985,232511554840
Indonesia,Asia,1985,85289488375
Iran,Middle East,1985,180183629600
Italy,Europe,1985,453259761687
Japan,Asia,1985,1427019759717
Mexico,North America,1985,195241069482
Netherlands,Europe,1985,144057523222
Nigeria,Africa,1985,73745821158
Pakistan,Asia,1985,31144920844
Saudi Arabia,Middle East,1985,103897846494
South Africa,Africa,1985,64459376087
South Korea,Asia,1985,103764281281
Spain,Europe,1985,180664322896
Sweden,Europe,1985,113958084357
Switzerland,Europe,1985,110980314192
Thailand,Asia,1985,38900711333
Türkiye,Middle East,1985,67232758621
United Kingdom,Europe,1985,489285164271
United States,North America,1985,4338979000000
Argentina,South America,1986,105872372614
Australia,Oceania,1986,182707050923
Belgium,Europe,1986,120018787249
Brazil,South America,1986,256480852471
Canada,North America,1986,379006836992
China,Asia,1986,301310144928
Egypt,Africa,1986,41253507951
France,Europe,1986,764946585851
Germany,Europe,1986,1050092624516
India,Asia,1986,248985994041
Indonesia,Asia,1986,79954072545
Iran,Middle East,1986,209094561833
Italy,Europe,1986,641862313287
Japan,Asia,1986,2120083812110
Mexico,North America,1986,134556034673
Netherlands,Europe,1986,201157708221
Nigeria,Africa,1986,54805852581
Pakistan,Asia,1986,31899070056
Saudi Arabia,Middle East,1986,86961922765
South Africa,Africa,1986,73354771399
South Korea,Asia,1986,119965960795
Spain,Europe,1986,251141555186
Sweden,Europe,1986,150279869729
Switzerland,Europe,1986,159089921063
Thailand,Asia,1986,43096773981
Türkiye,Middle East,1986,75673037037
United Kingdom,Europe,1986,601452653181
United States,North America,1986,4579631000000
Argentina,South America,1987,108810885301
Australia,Oceania,1987,189726707253
Belgium,Europe,1987,149394404106
Brazil,South America,1987,283056836894
Canada,North America,1987,433134238311
China,Asia,1987,273455156951
Egypt,Africa,1987,40455616654
France,Europe,1987,926320855615
Germany,Europe,1987,1302932318825
India,Asia,1987,279033584092
Indonesia,Asia,1987,75929617558
Iran,Middle East,1987,134009995923
Italy,Europe,1987,807570134449
Japan,Asia,1987,2580748422781
Mexico,North America,1987,147542558209
Netherlands,Europe,1987,245406949521
Nigeria,Africa,1987,52676041931
Pakistan,Asia,1987,33351529275
Saudi Arabia,Middle East,1987,85695861148
South Africa,Africa,1987,96535763418
South Korea,Asia,1987,152240393646
Spain,Europe,1987,318520253335
Sweden,Europe,1987,182744315974
Switzerland,Europe,1987,199236370038
Thailand,Asia,1987,50535446555
Türkiye,Middle East,1987,87190081680
United Kingdom,Europe,1987,745162608269
United States,North America,1987,4855215000000
Argentina,South America,1988,126890235049
Australia,Oceania,1988,236461079970
Belgium,Europe,1988,162299103675
Brazil,South America,1988,307881930752
Canada,North America,1988,509380027627
China,Asia,1988,312888888889
Egypt,Africa,1988,34980124929
France,Europe,1988,1010827662152
Germany,Europe,1988,1406367016372
India,Asia,1988,296589670896
Indonesia,Asia,1988,84300174486
Iran,Middle East,1988,123057861334
Italy,Europe,1988,893663934841
Japan,Asia,1988,3125724434401
Mexico,North America,1988,181611150497
Netherlands,Europe,1988,262295966105
Nigeria,Africa,1988,49648470440
Pakistan,Asia,1988,38472742808
Russia,Europe,1988,554828660436
Saudi Arabia,Middle East,1988,88256074766
South Africa,Africa,1988,103976831871
South Korea,Asia,1988,205477530605
Spain,Europe,1988,375891716898
Sweden,Europe,1988,206686590776
Switzerland,Europe,1988,215540625299
Thailand,Asia,1988,61667253471
Türkiye,Middle East,1988,90875175809
United Kingdom,Europe,1988,910122732124
United States,North America,1988,5236438000000
Argentina,South America,1989,76629728760
Australia,Oceania,1989,300264309002
Belgium,Europe,1989,164221056511
Brazil,South America,1989,412990820287
Canada,North America,1989,567211993243
China,Asia,1989,348380566802
Egypt,Africa,1989,39756299050
France,Europe,1989,1016742237302
Germany,Europe,1989,1404092925205
India,Asia,1989,296042052945
Indonesia,Asia,1989,94451427877
Iran,Middle East,1989,120496362916
Italy,Europe,1989,930801709004
Japan,Asia,1989,3109455047824
Mexico,North America,1989,221403098267
Netherlands,Europe,1989,258716904292
Nigeria,Africa,1989,44003061108
Pakistan,Asia,1989,40171106279
Russia,Europe,1989,506631299735
Saudi Arabia,Middle East,1989,95344459279
South Africa,Africa,1989,108055624082
South Korea,Asia,1989,254236243100
Spain,Europe,1989,414460794097
Sweden,Europe,1989,217632340195
Switzerland,Europe,1989,208105846934
Thailand,Asia,1989,72250748100
Türkiye,Middle East,1989,107127191329
United Kingdom,Europe,1989,926884816754
United States,North America,1989,5641580000000
Argentina,South America,1990,141352654305
Australia,Oceania,1990,311840666465
Belgium,Europe,1990,205331747948
Brazil,South America,1990,390725626003
Canada,North America,1990,596075591361
China,Asia,1990,361560229446
Egypt,Africa,1990,42978914311
France,Europe,1990,1257649439827
Germany,Europe,1990,1778162195860
India,Asia,1990,320979026420
Indonesia,Asia,1990,106140727334
Iran,Middle East,1990,124813263926
Italy,Europe,1990,1183945130899
Japan,Asia,1990,3185904656664
Mexico,North America,1990,261253675693
Netherlands,Europe,1990,318799003994
Nigeria,Africa,1990,54035795388
Pakistan,Asia,1990,40010423970
Poland,Europe,1990,65977748211
Russia,Europe,1990,517014446228
Saudi Arabia,Middle East,1990,117630173565
South Africa,Africa,1990,126048140142
South Korea,Asia,1990,292064221389
Spain,Europe,1990,536175326477
Sweden,Europe,1990,261466577009
Switzerland,Europe,1990,265763573999
Thailand,Asia,1990,85343190719
Türkiye,Middle East,1990,150655500192
United Kingdom,Europe,1990,1093169389205
United States,North America,1990,5963144000000
Argentina,South America,1991,189719984268
Australia,Oceania,1991,326416407861
Belgium,Europe,1991,210510999409
Brazil,South America,1991,342609231343
Canada,North America,1991,612527712316
China,Asia,1991,384510452962
Egypt,Africa,1991,37387836491
France,Europe,1991,1258961748634
Germany,Europe,1991,1875792575133
India,Asia,1991,270105341879
Indonesia,Asia,1991,116621996217
Iran,Middle East,1991,131637664958
Italy,Europe,1991,1249092439519
Japan,Asia,1991,3648065760649
Mexico,North America,1991,313139656146
Netherlands,Europe,1991,327982316124
Nigeria,Africa,1991,59526833412
Pakistan,Asia,1991,45625336680
Poland,Europe,1991,85500935935
Russia,Europe,1991,517962962963
Saudi Arabia,Middle East,1991,132223230975
South Africa,Africa,1991,135203698238
South Korea,Asia,1991,340851946804
Spain,Europe,1991,576753902322
Sweden,Europe,1991,273831464572
Switzerland,Europe,1991,268901693863
Thailand,Asia,1991,98234714971
Türkiye,Middle East,1991,151034731544
United Kingdom,Europe,1991,1142797178131
United States,North America,1991,6158129000000
Argentina,South America,1992,228778917308
Australia,Oceania,1992,325982966981
Belgium,Europe,1992,234781652447
Brazil,South America,1992,328187960872
Canada,North America,1992,594387358319
China,Asia,1992,428502354788
Egypt,Africa,1992,41855986519
France,Europe,1992,1389663073110
Germany,Europe,1992,2141377582968
India,Asia,1992,288208070278
Indonesia,Asia,1992,128026966580
Iran,Middle East,1992,119768691217
Italy,Europe,1992,1323204350354
Japan,Asia,1992,3980702922118
Mexico,North America,1992,363157832924
Netherlands,Europe,1992,363497050125
Nigeria,Africa,1992,52058181854
Pakistan,Asia,1992,48884671947
Poland,Europe,1992,94337050693
Russia,Europe,1992,460290556901
Saudi Arabia,Middle East,1992,137087850467
South Africa,Africa,1992,146956150987
South Korea,Asia,1992,366921291825
Spain,Europe,1992,630465353486
Sweden,Europe,1992,283908914454
Switzerland,Europe,1992,279921425828
Thailand,Asia,1992,111452746518
Türkiye,Middle East,1992,159104772992
United Kingdom,Europe,1992,1179659529660
United States,North America,1992,6520327000000
Argentina,South America,1993,236741715015
Australia,Oceania,1993,312568858910
Belgium,Europe,1993,224721795709
Brazil,South America,1993,368295778245
Canada,North America,1993,579053561739
China,Asia,1993,446557291212
Egypt,Africa,1993,46578631453
France,Europe,1993,1314383368080
Germany,Europe,1993,2078954217438
India,Asia,1993,279295648983
Indonesia,Asia,1993,158006700302
Iran,Middle East,1993,63743623232
Italy,Europe,1993,1067412587671
Japan,Asia,1993,4536940479038
Mexico,North America,1993,530160763663
Netherlands,Europe,1993,354070495966
Nigeria,Africa,1993,56721051402
Pakistan,Asia,1993,51809999353
Poland,Europe,1993,96043157273
Russia,Europe,1993,435083713851
Saudi Arabia,Middle East,1993,132967957276
South Africa,Africa,1993,147194747566
South Korea,Asia,1993,405705302846
Spain,Europe,1993,524700572624
Sweden,Europe,1993,212644602616
Switzerland,Europe,1993,272237527071
Thailand,Asia,1993,128889262951
Türkiye,Middle East,1993,180415757852
United Kingdom,Europe,1993,1061388722256
United States,North America,1993,6858559000000
Argentina,South America,1994,257440000000
Australia,Oceania,1994,323269456935
Belgium,Europe,1994,244884129491
Brazil,South America,1994,525369851354
Canada,North America,1994,579944346807
China,Asia,1994,566929539493
Egypt,Africa,1994,51897983393
France,Europe,1994,1385822778828
Germany,Europe,1994,2215282632277
India,Asia,1994,327274843459
Indonesia,Asia,1994,176892143932
Iran,Middle East,1994,71841461173
Italy,Europe,1994,1101750159702
Japan,Asia,1994,4998797547741
Mexico,North America,1994,553618247901
Netherlands,Europe,1994,379688232232
Nigeria,Africa,1994,80399613064
Pakistan,Asia,1994,52293470813
Poland,Europe,1994,110803635288
Russia,Europe,1994,395077301248
Saudi Arabia,Middle East,1994,135174899866
South Africa,Africa,1994,153512712382
South Korea,Asia,1994,479181794217
Spain,Europe,1994,530183651720
Sweden,Europe,1994,228699066874
Switzerland,Europe,1994,301375055202
Thailand,Asia,1994,146683778959
Türkiye,Middle East,1994,130650447499
United Kingdom,Europe,1994,1140489745944
United States,North America,1994,7287236000000
Argentina,South America,1995,258031750000
Australia,Oceania,1995,368725126225
Belgium,Europe,1995,288025588396
Brazil,South America,1995,769333330412
Canada,North America,1995,605961090061
China,Asia,1995,738190896228
Egypt,Africa,1995,60159245060
France,Europe,1995,1595219345512
Germany,Europe,1995,2593053091306
India,Asia,1995,360281909643
Indonesia,Asia,1995,202132028723
Iran,Middle East,1995,96419225744
Italy,Europe,1995,1177369428266
Japan,Asia,1995,5545563663890
Mexico,North America,1995,380157469867
Netherlands,Europe,1995,452967334614
Nigeria,Africa,1995,140919776986
Pakistan,Asia,1995,60636071684
Poland,Europe,1995,142838527115
Russia,Europe,1995,395537185735
Saudi Arabia,Middle East,1995,143343124166
South Africa,Africa,1995,171735933897
South Korea,Asia,1995,586286469401
Spain,Europe,1995,614170002669
Sweden,Europe,1995,267050453507
Switzerland,Europe,1995,352835806342
Thailand,Asia,1995,169278916593
Türkiye,Middle East,1995,234699627004
United Kingdom,Europe,1995,1349094208616
United States,North America,1995,7639749000000
Argentina,South America,1996,272149750000
Australia,Oceania,1996,401962517479
Belgium,Europe,1996,279201433225
Brazil,South America,1996,850426433004
Canada,North America,1996,630607994133
China,Asia,1996,868523936530
Egypt,Africa,1996,67629716981
France,Europe,1996,1598889216566
Germany,Europe,1996,2506576553158
India,Asia,1996,392896866205
Indonesia,Asia,1996,227369679375
Iran,Middle East,1996,120403931885
Italy,Europe,1996,1314776508972
Japan,Asia,1996,4923391533852
Mexico,North America,1996,432157945024
Netherlands,Europe,1996,451372549020
Nigeria,Africa,1996,185730236700
Pakistan,Asia,1996,63320170084
Poland,Europe,1996,160813026223
Russia,Europe,1996,391724890744
Saudi Arabia,Middle East,1996,158662483311
South Africa,Africa,1996,163234925381
South Korea,Asia,1996,631196863758
Spain,Europe,1996,642251412058
Sweden,Europe,1996,291949597375
Switzerland,Europe,1996,340103959547
Thailand,Asia,1996,183035237429
Türkiye,Middle East,1996,250366965174
United Kingdom,Europe,1996,1425287051482
United States,North America,1996,8073122000000
Argentina,South America,1997,292859000000
Australia,Oceania,1997,436321902767
Belgium,Europe,1997,252708051421
Brazil,South America,1997,883206452795
Canada,North America,1997,654986999856
China,Asia,1997,967753570435
Egypt,Africa,1997,78436578171
France,Europe,1997,1449392222971
Germany,Europe,1997,2218790886533
India,Asia,1997,415867563593
Indonesia,Asia,1997,215748998610
Iran,Middle East,1997,113919163421
Italy,Europe,1997,1244988176444
Japan,Asia,1997,4492448605639
Mexico,North America,1997,523449530464
Netherlands,Europe,1997,417506211882
Nigeria,Africa,1997,200850397618
Pakistan,Asia,1997,62433340468
Poland,Europe,1997,159893964917
Russia,Europe,1997,404928954192
Saudi Arabia,Middle East,1997,165963684913
South Africa,Africa,1997,168978057328
South Korea,Asia,1997,589202526424
Spain,Europe,1997,589739772727
Sweden,Europe,1997,268249616891
Switzerland,Europe,1997,294788198856
Thailand,Asia,1997,150180456566
Türkiye,Middle East,1997,263817553748
United Kingdom,Europe,1997,1569317288802
United States,North America,1997,8577554457000
Argentina,South America,1998,298948250000
Australia,Oceania,1998,400361527505
Belgium,Europe,1998,258528339631
Brazil,South America,1998,863711007325
Canada,North America,1998,634000000000
China,Asia,1998,1037134141760
Egypt,Africa,1998,84828807556
France,Europe,1998,1496906382032
Germany,Europe,1998,2247760364566
India,Asia,1998,421351317225
Indonesia,Asia,1998,95445547873
Iran,Middle East,1998,110276913363
Italy,Europe,1998,1272729786997
Japan,Asia,1998,4098362709531
Mexico,North America,1998,557461102631
Netherlands,Europe,1998,438612530549
Nigeria,Africa,1998,218416200673
Pakistan,Asia,1998,62191955814
Poland,Europe,1998,175282269667
Russia,Europe,1998,270955486862
Saudi Arabia,Middle East,1998,146775466667
South Africa,Africa,1998,152982984557
South Korea,Asia,1998,397297216492
Spain,Europe,1998,618731484575
Sweden,Europe,1998,270887306759
Switzerland,Europe,1998,303459014347
Thailand,Asia,1998,113675596788
Türkiye,Middle East,1998,276035372655
United Kingdom,Europe,1998,1660821464061
United States,North America,1998,9062818202000
Argentina,South America,1999,283523000000
Australia,Oceania,1999,390347787943
Belgium,Europe,1999,258245733221
Brazil,South America,1999,599642075004
Canada,North America,1999,678412196271
China,Asia,1999,1103843203576
Egypt,Africa,1999,90710704807
France,Europe,1999,1486915879702
Germany,Europe,1999,2213873468587
India,Asia,1999,458821052616
Indonesia,Asia,1999,140001351215
Iran,Middle East,1999,113848450088
Italy,Europe,1999,1255004736464
Japan,Asia,1999,4635982224064
Mexico,North America,1999,631249359702
Netherlands,Europe,1999,447778514140
Nigeria,Africa,1999,59145077039
Pakistan,Asia,1999,62973857069
Poland,Europe,1999,170704452715
Russia,Europe,1999,195907128351
Saudi Arabia,Middle East,1999,161717066667
South Africa,Africa,1999,151516957079
South Korea,Asia,1999,515697079289
Spain,Europe,1999,634394904387
Sweden,Europe,1999,274318357862
Switzerland,Europe,1999,297873643323
Thailand,Asia,1999,126669211779
Türkiye,Middle East,1999,256673939248
United Kingdom,Europe,1999,1693458987219
United States,North America,1999,9631174489000
Argentina,South America,2000,284203750000
Australia,Oceania,2000,416901962163
Belgium,Europe,2000,236792460312
Brazil,South America,2000,655448188259
Canada,North America,2000,744773415932
China,Asia,2000,1223754919971
Egypt,Africa,2000,99838543960
France,Europe,2000,1360959069477
Germany,Europe,2000,1966980701145
India,Asia,2000,468395521654
Indonesia,Asia,2000,165021012078
Iran,Middle East,2000,109591707802
Italy,Europe,2000,1149661363439
Japan,Asia,2000,4968359075957
Mexico,North America,2000,742061329749
Netherlands,Europe,2000,417649282154
Nigeria,Africa,2000,69171451627
Pakistan,Asia,2000,99484802345
Poland,Europe,2000,172953527033
Russia,Europe,2000,259710142197
Saudi Arabia,Middle East,2000,189514933333
South Africa,Africa,2000,151752757215
South Korea,Asia,2000,597487173479
Spain,Europe,2000,598102854756
Sweden,Europe,2000,262903560280
Switzerland,Europe,2000,279216033870
Thailand,Asia,2000,126392224254
Türkiye,Middle East,2000,274748463179
United Kingdom,Europe,2000,1671597821153
United States,North America,2000,10250947997000
Argentina,South America,2001,268696750000
Australia,Oceania,2001,380360222861
Belgium,Europe,2001,236746141604
Brazil,South America,2001,559983704094
Canada,North America,2001,738981792355
China,Asia,2001,1355036590252
Egypt,Africa,2001,96684636119
France,Europe,2001,1370376677299
Germany,Europe,2001,1966381496642
India,Asia,2001,485440139204
Indonesia,Asia,2001,160446947785
Iran,Middle East,2001,126878750296
Italy,Europe,2001,1172041488806
Japan,Asia,2001,4374711694091
Mexico,North America,2001,796064590549
Netherlands,Europe,2001,432536219669
Nigeria,Africa,2001,73557840064
Pakistan,Asia,2001,97145618480
Poland,Europe,2001,191823200371
Russia,Europe,2001,306602070621
Saudi Arabia,Middle East,2001,184137600000
South Africa,Africa,2001,135429905923
South Korea,Asia,2001,567564806235
Spain,Europe,2001,627798682379
Sweden,Europe,2001,242497797485
Switzerland,Europe,2001,286582672434
Thailand,Asia,2001,120296476180
Türkiye,Middle East,2001,202195080239
United Kingdom,Europe,2001,1656171009069
United States,North America,2001,10581929774000
Argentina,South America,2002,97724004252
Australia,Oceania,2002,396436967263
Belgium,Europe,2002,258383599375
Brazil,South America,2002,509795270685
Canada,North America,2002,760649334098
China,Asia,2002,1489821682051
Egypt,Africa,2002,85146067416
France,Europe,2002,1492427756382
Germany,Europe,2002,2102350798306
India,Asia,2002,514939140319
Indonesia,Asia,2002,195660611165
Iran,Middle East,2002,128626917504
Italy,Europe,2002,1281746271196
Japan,Asia,2002,4182846045874
Mexico,North America,2002,810666116402
Netherlands,Europe,2002,475529972123
Nigeria,Africa,2002,95054059303
Pakistan,Asia,2002,97923302809
Poland,Europe,2002,199694463256
Russia,Europe,2002,345470494418
Saudi Arabia,Middle East,2002,189605866667
South Africa,Africa,2002,129087556612
South Korea,Asia,2002,650014391470
Spain,Europe,2002,708938227244
Sweden,Europe,2002,267371907447
Switzerland,Europe,2002,309301422430
Thailand,Asia,2002,134300904400
Türkiye,Middle East,2002,240778008474
United Kingdom,Europe,2002,1790536570743
United States,North America,2002,10929112955000
Argentina,South America,2003,127586973492
Australia,Oceania,2003,468517181130
Belgium,Europe,2003,318082528507
Brazil,South America,2003,558233724165
Canada,North America,2003,895540646635
China,Asia,2003,1683903309844
Egypt,Africa,2003,80288461538
France,Europe,2003,1835095983049
Germany,Europe,2003,2534715518349
India,Asia,2003,607700687237
Indonesia,Asia,2003,234772463824
Iran,Middle East,2003,151911222119
Italy,Europe,2003,1582930016539
Japan,Asia,2003,4519561645254
Mexico,North America,2003,765549967703
Netherlands,Europe,2003,582435617082
Nigeria,Africa,2003,104738954264
Pakistan,Asia,2003,112371913741
Poland,Europe,2003,218561225998
Russia,Europe,2003,430347420185
Saudi Arabia,Middle East,2003,215807733333
South Africa,Africa,2003,197018965309
South Korea,Asia,2003,728516494684
Spain,Europe,2003,907963217058
Sweden,Europe,2003,334072443516
Switzerland,Europe,2003,362075086508
Thailand,Asia,2003,152280615246
Türkiye,Middle East,2003,315392899922
United Kingdom,Europe,2003,2061227755102
United States,North America,2003,11456442041000
Argentina,South America,2004,164657930453
Australia,Oceania,2004,615643050221
Belgium,Europe,2004,369214712443
Brazil,South America,2004,669289321945
Canada,North America,2004,1026690238278
China,Asia,2004,1984196551300
Egypt,Africa,2004,78782467532
France,Europe,2004,2109792297237
Germany,Europe,2004,2852317768062
India,Asia,2004,709152728831
Indonesia,Asia,2004,256836875295
Iran,Middle East,2004,187754571248
Italy,Europe,2004,1812808753295
Japan,Asia,2004,4893116005657
Mexico,North America,2004,819459227375
Netherlands,Europe,2004,661224886143
Nigeria,Africa,2004,135764731646
Pakistan,Asia,2004,132216048339
Poland,Europe,2004,256268656145
Russia,Europe,2004,591016690732
Saudi Arabia,Middle East,2004,258742133333
South Africa,Africa,2004,255806908595
South Korea,Asia,2004,823251107639
Spain,Europe,2004,1069829382515
Sweden,Europe,2004,384545442175
Switzerland,Europe,2004,403912891033
Thailand,Asia,2004,172895685155
Türkiye,Middle East,2004,410156784496
United Kingdom,Europe,2004,2429774807763
United States,North America,2004,12217193198000
Argentina,South America,2005,198737095012
Australia,Oceania,2005,696811489613
Belgium,Europe,2005,385714762230
Brazil,South America,2005,891633826625
Canada,North America,2005,1173108598779
China,Asia,2005,2317551298052
Egypt,Africa,2005,89660339660
France,Europe,2005,2192146403028
Germany,Europe,2005,2893393187362
India,Asia,2005,820383763511
Indonesia,Asia,2005,285868619196
Iran,Middle East,2005,224970371325
Italy,Europe,2005,1864982261287
Japan,Asia,2005,4831467035390
Mexico,North America,2005,917571853529
Netherlands,Europe,2005,688133699636
Nigeria,Africa,2005,175670569969
Pakistan,Asia,2005,145208562961
Poland,Europe,2005,306999913151
Russia,Europe,2005,764015973481
Saudi Arabia,Middle East,2005,328459608764
South Africa,Africa,2005,288867217197
South Korea,Asia,2005,971740329984
Spain,Europe,2005,1154667551776
Sweden,Europe,2005,391688455929
Switzerland,Europe,2005,418284865885
Thailand,Asia,2005,189318408469
Türkiye,Middle East,2005,508314210213
United Kingdom,Europe,2005,2551361818182
United States,North America,2005,13039199193000
Argentina,South America,2006,232557260817
Australia,Oceania,2006,749708370333
Belgium,Europe,2006,408259840869
Brazil,South America,2006,1107626711163
Canada,North America,2006,1319264809591
China,Asia,2006,2791498472804
Egypt,Africa,2006,107426086957
France,Europe,2006,2317861544691
Germany,Europe,2006,3046308753671
India,Asia,2006,940259888788
Indonesia,Asia,2006,364570515618
Iran,Middle East,2006,265602187404
Italy,Europe,2006,1958563654386
Japan,Asia,2006,4601663122650
Mexico,North America,2006,1020265057882
Netherlands,Europe,2006,737593995289
Nigeria,Africa,2006,238454997161
Pakistan,Asia,2006,161871385506
Poland,Europe,2006,345897630736
Russia,Europe,2006,989932071353
Saudi Arabia,Middle East,2006,376900133511
South Africa,Africa,2006,303858675364
South Korea,Asia,2006,1095175538508
Spain,Europe,2006,1261846683275
Sweden,Europe,2006,422528394459
Switzerland,Europe,2006,441634672197
Thailand,Asia,2006,221758296022
Türkiye,Middle East,2006,559668118237
United Kingdom,Europe,2006,2719558417663
United States,North America,2006,13815586948000
Argentina,South America,2007,287530508431
Australia,Oceania,2007,856603595823
Belgium,Europe,2007,470922156309
Brazil,South America,2007,1397114247189
Canada,North America,2007,1468820407783
China,Asia,2007,3604055822572
Egypt,Africa,2007,130437828371
France,Europe,2007,2655816911867
Germany,Europe,2007,3484056680855
India,Asia,2007,1216736438835
Indonesia,Asia,2007,432216737775
Iran,Middle East,2007,349736591832
Italy,Europe,2007,2222524108128
Japan,Asia,2007,4579750920355
Mexico,North America,2007,1102355554972
Netherlands,Europe,2007,853499460873
Nigeria,Africa,2007,278260846800
Pakistan,Asia,2007,184140869997
Poland,Europe,2007,429715132138
Russia,Europe,2007,1299703478482
Saudi Arabia,Middle East,2007,415964509673
South Africa,Africa,2007,333077117254
South Korea,Asia,2007,1220911904593
Spain,Europe,2007,1476746276855
Sweden,Europe,2007,490047789548
Switzerland,Europe,2007,490740715595
Thailand,Asia,2007,262942621455
Türkiye,Middle East,2007,685228481017
United Kingdom,Europe,2007,3104699879952
United States,North America,2007,14474226905000
Argentina,South America,2008,361558037110
Australia,Oceania,2008,1058448244064
Belgium,Europe,2008,517328087920
Brazil,South America,2008,1695855391758
Canada,North America,2008,1552989690722
China,Asia,2008,4667346414522
Egypt,Africa,2008,162818181818
France,Europe,2008,2926802941586
Germany,Europe,2008,3808197720125
India,Asia,2008,1198895139006
Indonesia,Asia,2008,510228634992
Iran,Middle East,2008,406070949554
Italy,Europe,2008,2417508414187
Japan,Asia,2008,5106679115127
Mexico,North America,2008,1161553459715
Netherlands,Europe,2008,957901566041
Nigeria,Africa,2008,339476276258
Pakistan,Asia,2008,202203748584
Poland,Europe,2008,535612030672
Russia,Europe,2008,1660848058303
Saudi Arabia,Middle East,2008,519796800000
South Africa,Africa,2008,316131258616
South Korea,Asia,2008,1091580692542
Spain,Europe,2008,1636115447613
Sweden,Europe,2008,514614100833
Switzerland,Europe,2008,567267767519
Thailand,Asia,2008,291382982431
Türkiye,Middle East,2008,775415944333
United Kingdom,Europe,2008,2945251838235
United States,North America,2008,14769857911000
Argentina,South America,2009,332976484578
Australia,Oceania,2009,931761689771
Belgium,Europe,2009,485014525992
Brazil,South America,2009,1666996294252
Canada,North America,2009,1374625142157
China,Asia,2009,5189577094998
Egypt,Africa,2009,189147005445
France,Europe,2009,2700075882519
Germany,Europe,2009,3478545516684
India,Asia,2009,1341888016995
Indonesia,Asia,2009,539580085612
Iran,Middle East,2009,414059094949
Italy,Europe,2009,2209484319013
Japan,Asia,2009,5289493117994
Mexico,North America,2009,943437415025
Netherlands,Europe,2009,878954223140
Nigeria,Africa,2009,295008835381
Pakistan,Asia,2009,187337783856
Poland,Europe,2009,440891472247
Russia,Europe,2009,1222645900056
Saudi Arabia,Middle East,2009,429097866667
South Africa,Africa,2009,329754060647
South Korea,Asia,2009,983065242417
Spain,Europe,2009,1496587590848
Sweden,Europe,2009,434311714442
Switzerland,Europe,2009,554212916092
Thailand,Asia,2009,281710630187
Türkiye,Middle East,2009,653894449921
United Kingdom,Europe,2009,2429358155476
United States,North America,2009,14478064934000
Argentina,South America,2010,423627422092
Australia,Oceania,2010,1152566632022
Belgium,Europe,2010,481556503720
Brazil,South America,2010,2208838108484
Canada,North America,2010,1617343367486
China,Asia,2010,6192564874453
Egypt,Africa,2010,218983666062
France,Europe,2010,2646230027988
Germany,Europe,2010,3467093769667
India,Asia,2010,1675615519485
Indonesia,Asia,2010,755094157622
Iran,Middle East,2010,487069570464
Italy,Europe,2010,2144936254535
Japan,Asia,2010,5759071769013
Mexico,North America,2010,1105424238731
Netherlands,Europe,2010,852464982433
Nigeria,Africa,2010,366990417129
Pakistan,Asia,2010,196709621850
Poland,Europe,2010,478111630684
Russia,Europe,2010,1524916715224
Saudi Arabia,Middle East,2010,528207466667
South Africa,Africa,2010,417363822802
South Korea,Asia,2010,1192830015738
Spain,Europe,2010,1427989078917
Sweden,Europe,2010,492750897239
Switzerland,Europe,2010,598851028907
Thailand,Asia,2010,341104766329
Türkiye,Middle East,2010,782545664268
United Kingdom,Europe,2010,2496740681057
United States,North America,2010,15048964444000
Argentina,South America,2011,530158122010
Australia,Oceania,2011,1402939868653
Belgium,Europe,2011,527196649049
Brazil,South America,2011,2616156606579
Canada,North America,2011,1793326630175
China,Asia,2011,7671757207851
Egypt,Africa,2011,235989672978
France,Europe,2011,2870408553990
Germany,Europe,2011,3823575803794
India,Asia,2011,1823051829895
Indonesia,Asia,2011,892969104563
Iran,Middle East,2011,629082257472
Italy,Europe,2011,2306974020278
Japan,Asia,2011,6233147172341
Mexico,North America,2011,1229013703417
Netherlands,Europe,2011,913140741333
Nigeria,Africa,2011,414466676831
Pakistan,Asia,2011,230586581060
Poland,Europe,2011,527848543023
Russia,Europe,2011,2045922753398
Saudi Arabia,Middle East,2011,680660800000
South Africa,Africa,2011,458199494831
South Korea,Asia,2011,1307103477219
Spain,Europe,2011,1487568659241
Sweden,Europe,2011,570538581144
Switzerland,Europe,2011,715888126682
Thailand,Asia,2011,370818739624
Türkiye,Middle East,2011,844192507381
United Kingdom,Europe,2011,2675590034129
United States,North America,2011,15599728123000
Argentina,South America,2012,545982375701
Australia,Oceania,2012,1552728401402
Belgium,Europe,2012,498414364945
Brazil,South America,2012,2465228293707
Canada,North America,2012,1828366481522
China,Asia,2012,8673664713189
Egypt,Africa,2012,279116666667
France,Europe,2012,2683007095787
Germany,Europe,2012,3596483233406
India,Asia,2012,1827637590410
Indonesia,Asia,2012,917869913333
Iran,Middle East,2012,644019315004
Italy,Europe,2012,2097929495122
Japan,Asia,2012,6272362996105
Mexico,North America,2012,1255110424818
Netherlands,Europe,2012,845689017066
Nigeria,Africa,2012,463971018239
Pakistan,Asia,2012,250106966105
Poland,Europe,2012,498148649703
Russia,Europe,2012,2208293553878
Saudi Arabia,Middle East,2012,751921333333
South Africa,Africa,2012,434400545086
South Korea,Asia,2012,1335343586438
Spain,Europe,2012,1330994811670
Sweden,Europe,2012,549739674655
Switzerland,Europe,2012,686420221558
Thailand,Asia,2012,397558325279
Türkiye,Middle East,2012,885327622479
United Kingdom,Europe,2012,2719715961540
United States,North America,2012,16253972230000
Argentina,South America,2013,552025140252
Australia,Oceania,2013,1583737461925
Belgium,Europe,2013,524097026599
Brazil,South America,2013,2472819362044
Canada,North America,2013,1846597421835
China,Asia,2013,9743124247267
Egypt,Africa,2013,288434108527
France,Europe,2013,2816077607875
Germany,Europe,2013,3807023797051
India,Asia,2013,1856721507622
Indonesia,Asia,2013,912524136718
Iran,Middle East,2013,500399839840
Italy,Europe,2013,2153225581941
Japan,Asia,2013,5212328181166
Mexico,North America,2013,1327436290283
Netherlands,Europe,2013,883951539007
Nigeria,Africa,2013,520117180314
Pakistan,Asia,2013,258657231672
Poland,Europe,2013,518179836405
Russia,Europe,2013,2292470078346
Saudi Arabia,Middle East,2013,769755733333
South Africa,Africa,2013,400886013596
South Korea,Asia,2013,1434669686502
Spain,Europe,2013,1362186923158
Sweden,Europe,2013,584125353119
Switzerland,Europe,2013,706234937371
Thailand,Asia,2013,420333654593
Türkiye,Middle East,2013,962167643589
United Kingdom,Europe,2013,2796908333283
United States,North America,2013,16843190993000
Argentina,South America,2014,526319673732
Australia,Oceania,2014,1474677007566
Belgium,Europe,2014,537987419164
Brazil,South America,2014,2456043766032
Canada,North America,2014,1805749878440
China,Asia,2014,10674533168257
Egypt,Africa,2014,305595408895
France,Europe,2014,2861236112552
Germany,Europe,2014,3964870735761
India,Asia,2014,2039126479155
Indonesia,Asia,2014,890814755534
Iran,Middle East,2014,462284793281
Italy,Europe,2014,2173255507986
Japan,Asia,2014,4896994405353
Mexico,North America,2014,1364507717614
Netherlands,Europe,2014,901556501756
Nigeria,Africa,2014,574183763412
Pakistan,Asia,2014,271390474858
Poland,Europe,2014,542134167179
Russia,Europe,2014,2059241589895
Saudi Arabia,Middle East,2014,787153066667
South Africa,Africa,2014,381198869776
South Korea,Asia,2014,1556252422020
Spain,Europe,2014,1380244561362
Sweden,Europe,2014,577727767304
Switzerland,Europe,2014,726537808338
Thailand,Asia,2014,407339040198
Türkiye,Middle East,2014,942343431929
United Kingdom,Europe,2014,3085362169410
United States,North America,2014,17550680174000
Argentina,South America,2015,594749285413
Australia,Oceania,2015,1356805839936
Belgium,Europe,2015,461044767545
Brazil,South America,2015,1802211999456
Canada,North America,2015,1556508816217
China,Asia,2015,11280814787469
Egypt,Africa,2015,329366576819
France,Europe,2015,2442483452643
Germany,Europe,2015,3425099578746
India,Asia,2015,2103588360045
Indonesia,Asia,2015,860854232686
Iran,Middle East,2015,409191686497
Italy,Europe,2015,1845428048839
Japan,Asia,2015,4444930651964
Mexico,North America,2015,1213294467717
Netherlands,Europe,2015,775743675303
Nigeria,Africa,2015,493026682801
Pakistan,Asia,2015,299963590535
Poland,Europe,2015,480054118583
Russia,Europe,2015,1363482182198
Saudi Arabia,Middle East,2015,693414400000
South Africa,Africa,2015,346709790459
South Korea,Asia,2015,1539212301136
Spain,Europe,2015,1206164777553
Sweden,Europe,2015,501602351912
Switzerland,Europe,2015,694118186380
Thailand,Asia,2015,401296238228
Türkiye,Middle East,2015,865460050684
United Kingdom,Europe,2015,2945579890258
United States,North America,2015,18206020741000
Argentina,South America,2016,557532320663
Australia,Oceania,2016,1211588128418
Belgium,Europe,2016,474271566740
Brazil,South America,2016,1795693265999
Canada,North America,2016,1527994741907
China,Asia,2016,11456024084962
Egypt,Africa,2016,332441717791
France,Europe,2016,2470407619777
Germany,Europe,2016,3536787895179
India,Asia,2016,2294796885663
Indonesia,Asia,2016,931877364038
Iran,Middle East,2016,478618064871
Italy,Europe,2016,1887111188177
Japan,Asia,2016,5003677627544
Mexico,North America,2016,1112233497453
Netherlands,Europe,2016,797163949290
Nigeria,Africa,2016,404649125252
Pakistan,Asia,2016,313630000130
Poland,Europe,2016,473259583970
Russia,Europe,2016,1276786350881
Saudi Arabia,Middle East,2016,689279466667
South Africa,Africa,2016,323585509674
South Korea,Asia,2016,1579150518945
Spain,Europe,2016,1243015667917
Sweden,Europe,2016,513058312951
Switzerland,Europe,2016,687895460903
Thailand,Asia,2016,413366349748
Türkiye,Middle East,2016,870818016910
United Kingdom,Europe,2016,2706807606539
United States,North America,2016,18695110842000
Argentina,South America,2017,643628393281
Australia,Oceania,2017,1330890554614
Belgium,Europe,2017,500908767352
Brazil,South America,2017,2063514688806
Canada,North America,2017,1649265644244
China,Asia,2017,12537559062283
Egypt,Africa,2017,248362771739
France,Europe,2017,2588868323335
Germany,Europe,2017,3765351626106
India,Asia,2017,2651474262755
Indonesia,Asia,2017,1015618744160
Iran,Middle East,2017,510239893418
Italy,Europe,2017,1970720904585
Japan,Asia,2017,4930837369151
Mexico,North America,2017,1190721475906
Netherlands,Europe,2017,848233537846
Nigeria,Africa,2017,375745731053
Pakistan,Asia,2017,339205534861
Poland,Europe,2017,528356676667
Russia,Europe,2017,1574199360089
Saudi Arabia,Middle East,2017,741266133333
South Africa,Africa,2017,381448814653
South Korea,Asia,2017,1710196756713
Spain,Europe,2017,1321754088819
Sweden,Europe,2017,535172356785
Switzerland,Europe,2017,695200833086
Thailand,Asia,2017,456356813537
Türkiye,Middle East,2017,863874522365
United Kingdom,Europe,2017,2699118387873
United States,North America,2017,19477336549000
Argentina,South America,2018,524819892360
Australia,Oceania,2018,1433144978762
Belgium,Europe,2018,542638913428
Brazil,South America,2018,1916933708353
Canada,North America,2018,1725329192783
China,Asia,2018,14147765772964
Egypt,Africa,2018,262588632527
France,Europe,2018,2781576320884
Germany,Europe,2018,4055433215302
India,Asia,2018,2702929641649
Indonesia,Asia,2018,1042271532989
Iran,Middle East,2018,411903303606
Italy,Europe,2018,2099435266459
Japan,Asia,2018,5040880939325
Mexico,North America,2018,1256300182880
Netherlands,Europe,2018,929733599797
Nigeria,Africa,2018,421739251509
Pakistan,Asia,2018,356128166705
Poland,Europe,2018,594616687350
Russia,Europe,2018,1657328773461
Saudi Arabia,Middle East,2018,886564800000
South Africa,Africa,2018,405260723893
South Korea,Asia,2018,1824251454307
Spain,Europe,2018,1431642809327
Sweden,Europe,2018,549649344043
Switzerland,Europe,2018,725568717468
Thailand,Asia,2018,506754208404
Türkiye,Middle East,2018,788356985774
United Kingdom,Europe,2018,2897028009916
United States,North America,2018,20533057312000
Argentina,South America,2019,447754683615
Australia,Oceania,2019,1398349602956
Belgium,Europe,2019,536726344405
Brazil,South America,2019,1873288158839
Canada,North America,2019,1743725183673
China,Asia,2019,14560167101283
Egypt,Africa,2019,318678815490
France,Europe,2019,2722793515172
Germany,Europe,2019,3959894794039
India,Asia,2019,2835606256558
Indonesia,Asia,2019,1119099871350
Iran,Middle East,2019,347988400958
Italy,Europe,2019,2019606796584
Japan,Asia,2019,5117993853017
Mexico,North America,2019,1304106203902
Netherlands,Europe,2019,928903005576
Nigeria,Africa,2019,668219992691
Pakistan,Asia,2019,320909472771
Poland,Europe,2019,602683770145
Russia,Europe,2019,1693115002708
Saudi Arabia,Middle East,2019,888890133333
South Africa,Africa,2019,389330032224
South Korea,Asia,2019,1751045752055
Spain,Europe,2019,1403496387686
Sweden,Europe,2019,530894124494
Switzerland,Europe,2019,721369112727
Thailand,Asia,2019,543976691794
Türkiye,Middle East,2019,775853144223
United Kingdom,Europe,2019,2875710080015
United States,North America,2019,21380976119000
Argentina,South America,2020,385740508437
Australia,Oceania,2020,1333336461648
Belgium,Europe,2020,529694473502
Brazil,South America,2020,1476107292152
Canada,North America,2020,1655684730000
China,Asia,2020,14996414166715
Egypt,Africa,2020,383817841547
France,Europe,2020,2647926055110
Germany,Europe,2020,3941398957074
India,Asia,2020,2674851578587
Indonesia,Asia,2020,1059054842698
Iran,Middle East,2020,280934329280
Italy,Europe,2020,1907481094079
Japan,Asia,2020,5054068005376
Mexico,North America,2020,1121064767308
Netherlands,Europe,2020,932560861701
Nigeria,Africa,2020,598586817819
Pakistan,Asia,2020,300425609818
Poland,Europe,2020,605914237904
Russia,Europe,2020,1493075894362
Saudi Arabia,Middle East,2020,767951200000
South Africa,Africa,2020,337974655408
South Korea,Asia,2020,1744070276373
Spain,Europe,2020,1289783836971
Sweden,Europe,2020,544265668452
Switzerland,Europe,2020,741999406006
Thailand,Asia,2020,500461898480
Türkiye,Middle East,2020,733628247119
United Kingdom,Europe,2020,2724001478305
United States,North America,2020,21060473613000
Argentina,South America,2021,486564085480
Australia,Oceania,2021,1560617493203
Belgium,Europe,2021,598522422242
Brazil,South America,2021,1670647464063
Canada,North America,2021,2022378748423
China,Asia,2021,18201698719564
Egypt,Africa,2021,424671765456
France,Europe,2021,2966433692008
Germany,Europe,2021,4355251953411
India,Asia,2021,3167270623260
Indonesia,Asia,2021,1186509691087
Iran,Middle East,2021,407350685583
Italy,Europe,2021,2179207773596
Japan,Asia,2021,5039148168861
Mexico,North America,2021,1316569466686
Netherlands,Europe,2021,1054472123450
Nigeria,Africa,2021,609147716973
Pakistan,Asia,2021,348516647445
Poland,Europe,2021,689170230665
Russia,Europe,2021,1829186719575
Saudi Arabia,Middle East,2021,982661066667
South Africa,Africa,2021,419986284375
South Korea,Asia,2021,1942313560966
Spain,Europe,2021,1461244901853
Sweden,Europe,2021,631693331301
Switzerland,Europe,2021,815309330987
Thailand,Asia,2021,506194668790
Türkiye,Middle East,2021,839938668172
United Kingdom,Europe,2021,3194559188926
United States,North America,2021,23315080560000
Argentina,South America,2022,633993756301
Australia,Oceania,2022,1695627535476
Belgium,Europe,2022,591085783326
Brazil,South America,2022,1951923832084
Canada,North America,2022,2190411080134
China,Asia,2022,18316765021690
Egypt,Africa,2022,476747720365
France,Europe,2022,2794788137067
Germany,Europe,2022,4201021706479
India,Asia,2022,3346107287731
Indonesia,Asia,2022,1319101183380
Iran,Middle East,2022,422662261526
Italy,Europe,2022,2104067630319
Japan,Asia,2022,4262463317797
Mexico,North America,2022,1466934724293
Netherlands,Europe,2022,1046540797549
Nigeria,Africa,2022,646950257578
Pakistan,Asia,2022,374890295667
Poland,Europe,2022,695607470875
Russia,Europe,2022,2291612121335
Saudi Arabia,Middle East,2022,1239075200000
South Africa,Africa,2022,407596043068
South Korea,Asia,2022,1799363116867
Spain,Europe,2022,1448850658407
Sweden,Europe,2022,575071237641
Switzerland,Europe,2022,828508926958
Thailand,Asia,2022,495644697588
Türkiye,Middle East,2022,926097476914
United Kingdom,Europe,2022,3181244350465
United States,North America,2022,25604848907611
Argentina,South America,2023,649461687959
Australia,Oceania,2023,1734451264656
Belgium,Europe,2023,651330595110
Brazil,South America,2023,2191131869706
Canada,North America,2023,2173339670064
China,Asia,2023,18270356654533
Egypt,Africa,2023,395926075163
France,Europe,2023,3056250648138
Germany,Europe,2023,4562207532490
India,Asia,2023,3638489096034
Indonesia,Asia,2023,1371169301564
Iran,Middle East,2023,457510482317
Italy,Europe,2023,2316727999333
Japan,Asia,2023,4213167237906
Mexico,North America,2023,1798317581487
Netherlands,Europe,2023,1135475867551
Nigeria,Africa,2023,487387801881
Pakistan,Asia,2023,336686348609
Poland,Europe,2023,812451193396
Russia,Europe,2023,2071505725031
Saudi Arabia,Middle East,2023,1218584533333
South Africa,Africa,2023,381440724491
South Korea,Asia,2023,1844800934392
Spain,Europe,2023,1619481980720
Sweden,Europe,2023,578990915246
Switzerland,Europe,2023,894424821645
Thailand,Asia,2023,515906283941
Türkiye,Middle East,2023,1141242864657
United Kingdom,Europe,2023,3420796653789
United States,North America,2023,27292170793214
Argentina,South America,2024,638365455340
Australia,Oceania,2024,1757022451653
Belgium,Europe,2024,671370081636
Brazil,South America,2024,2185821648944
Canada,North America,2024,2243636826634
China,Asia,2024,18743803170827
Egypt,Africa,2024,389059911004
France,Europe,2024,3160442622465
Germany,Europe,2024,4685592577805
India,Asia,2024,3909891533858
Indonesia,Asia,2024,1396300098191
Iran,Middle East,2024,475252089215
Italy,Europe,2024,2380825077244
Japan,Asia,2024,4027597523551
Mexico,North America,2024,1856365616166
Netherlands,Europe,2024,1214927698573
Nigeria,Africa,2024,252261880141
Pakistan,Asia,2024,371570000121
Poland,Europe,2024,917767106147
Russia,Europe,2024,2173835806672
Saudi Arabia,Middle East,2024,1239804533333
South Africa,Africa,2024,401144998374
South Korea,Asia,2024,1875388209407
Spain,Europe,2024,1725671652742
Sweden,Europe,2024,603715224266
Switzerland,Europe,2024,936564198049
Thailand,Asia,2024,526517658842
Türkiye,Middle East,2024,1359123768774
United Kingdom,Europe,2024,3686033044482
United States,North America,2024,28750956130731
